L_HoldTime_mean,R_HoldTime_mean,L_HoldTime_std,R_HoldTime_std,L_HoldTime_skew,R_HoldTime_skew,L_HoldTime_kurt,R_HoldTime_kurt,LL_LatencyTime_mean,LR_LatencyTime_mean,RL_LatencyTime_mean,RR_LatencyTime_mean,LL_LatencyTime_std,LR_LatencyTime_std,RL_LatencyTime_std,RR_LatencyTime_std,LL_LatencyTime_skew,LR_LatencyTime_skew,RL_LatencyTime_skew,RR_LatencyTime_skew,LL_LatencyTime_kurt,LR_LatencyTime_kurt,RL_LatencyTime_kurt,RR_LatencyTime_kurt,mean_diff_LR_RL_LatencyTime,mean_diff_LL_RR_LatencyTime,mean_diff_L_R_HoldTime,Gender
55.0,77.33333333333333,22.711440372850063,186.1213463188883,-0.5491233003418959,5.105767906760226,-0.4198170487248247,24.413059167465207,88.5,9683.777777777777,303.0,2234.315789473684,53.90500904368721,26503.11029452865,289.14817424059015,11648.439057625892,0.7620209163278384,2.4743789586491447,0.6194667439506969,5.866396456775315,0.9391108476668144,4.123596169154382,-1.1635399103443698,32.61031441755466,9380.777777777777,-2145.815789473684,-22.33333333333333,Female
